Name,Type,Ability,Variety,Health,Damage
Pikachu,Electric,Static,Creature,35,0
Magnemite,Electric,Magnet_Pull,Creature,25,0
Luxray,Electric,Intimidate,Creature,80,0
Shock,Electric,null,Effect,0,0
Charge,Electric,null,Effect,0,0
Static,Electric,null,Effect,0,0
Thunderbolt,Electric,null,Skill,0,50
Electro_Ball,Electric,null,Skill,0,30
Nuzzle,Electric,null,Skill,0,20
Bolt,Electric,null,Item,0,0
Wurmple,Bug,Swarm,Creature,45,0
Vespiquen,Bug,Unnerve,Creature,70,0
Shuckle,Bug,Sturdy,Creature,20,0
Climb,Bug,null,Effect,0,0
Skitter,Bug,null,Effect,0,0
Crawl,Bug,null,Effect,0,0
Sting,Bug,null,Skill,0,5
Bug_Bite,Bug,null,Skill,0,30
Pounce,Bug,null,Skill,0,25
Stinger,Bug,null,Item,0,0
Pollen,Bug,null,Item,0,0
Web,Bug,null,Item,0,0
Nidoran,Poison,Poison_Point,Creature,55,0
Arbok,Poison,Shed_Skin,Creature,60,0
Muk,Poison,Stench,Creature,105,0
Toxic,Poison,null,Effect,0,0
Sludge,Poison,null,Skill,0,20
Gunk_Shot,Poison,null,Skill,0,40
Smog,Poison,null,Skill,0,30
Barb,Poison,null,Item,0,0
Spike,Poison,null,Item,0,0
Blastoise,Water,Torrent,Creature,80,0
Azumarill,Water,Sap_Sipper,Creature,100,0
Gyrados,Water,Intimidate,Creature,90,0
Soak,Water,null,Effect,0,0
Flood,Water,null,Effect,0,0
Aqua_Jet,Water,null,Skill,0,40
Bubble_Beam,Water,null,Skill,0,65
Hydro_Pump,Water,null,Skill,0,80
Wave,Water,null,Item,0,0
Eevee,Basic,Adapt,Creature,20,0
Meowth,Basic,Pickup,Creature,40,0
Teddiursa,Basic,Gather,Creature,60,0
Helpful,Basic,null,Effect,0,0
Swift,Basic,null,Skill,0,5
Quick_Attack,Basic,null,Skill,0,40
Tackle,Basic,null,Skill,0,40
Ball,Basic,null,Item,0,0